k_value,accuracy
3,0.6165413533834586
5,0.7669172932330827
10,0.7293233082706767
20,0.8045112781954887
100,0.7744360902255639
