k_value,accuracy
3,0.5112781954887218
5,0.5263157894736842
10,0.5263157894736842
20,0.7142857142857143
100,0.706766917293233
