k_value,accuracy
3,0.5112781954887218
5,0.5112781954887218
10,0.5112781954887218
20,0.5112781954887218
100,0.5112781954887218
