k_value,accuracy,precision,recall,f1_score,specificity,auroc_score
0,0.6842105263157895,0.7183098591549296,0.6986301369863014,0.7083333333333335,0.6666666666666666,0.7529680365296803
