k_value,accuracy,precision,recall,f1_score,specificity,auroc_score
0,0.6466165413533834,0.703125,0.6164383561643836,0.656934306569343,0.6833333333333333,0.701027397260274
