k_value,accuracy,precision,recall,f1_score,specificity,auroc_score
0,0.6842105263157895,0.691358024691358,0.7671232876712328,0.7272727272727273,0.5833333333333334,0.742579908675799
