k_value,accuracy,precision,recall,f1_score,specificity,auroc_score
0,0.6541353383458647,0.6,0.7377049180327869,0.6617647058823529,0.5833333333333334,0.7418032786885246
