k_value,accuracy,precision,recall,f1_score,specificity,auroc_score
0,0.45864661654135336,0.45864661654135336,1.0,0.6288659793814433,0.0,0.5967668488160291
