k_value,accuracy,precision,recall,f1_score,specificity,auroc_score
0,0.706766917293233,0.6666666666666666,0.7213114754098361,0.6929133858267716,0.6944444444444444,0.7967896174863388
