k_value,accuracy,precision,recall,f1_score,specificity,auroc_score
0,0.631578947368421,0.5666666666666667,0.8360655737704918,0.6754966887417219,0.4583333333333333,0.7638888888888888
