k_value,accuracy,precision,recall,f1_score,specificity,auroc_score
0,0.706766917293233,0.6904761904761905,0.8169014084507042,0.7483870967741935,0.5806451612903226,0.7648796001817355
