k_value,accuracy,precision,recall,f1_score,specificity,auroc_score
0,0.5338345864661654,0.5338345864661654,1.0,0.696078431372549,0.0,0.5742844161744661
