k_value,accuracy,precision,recall,f1_score,specificity,auroc_score
0,0.7142857142857143,0.7323943661971831,0.7323943661971831,0.7323943661971831,0.6935483870967742,0.7679463880054521
