k_value,accuracy,precision,recall,f1_score,specificity,auroc_score
0,0.6917293233082706,0.6630434782608695,0.8591549295774648,0.7484662576687117,0.5,0.7950931394820536
